"iso","iso3digit","iso2digit","isonum","country","parent","parentrel","startyear","endyear","region","continent","wb.income","imf","imf.official","hdi","regionalbloc","broad.triad","m49.major","m49.minor","m49.dd","g20","g7brics","oecd","eea","cptpp","afcfta","gg.sample","currency","curiso","iso3alt"
"ABW","ABW","AW",533,"Aruba","Netherlands","Constituent Country",,,"S. & C. America, Caribbean","North America","High-income economies","Advanced Economies",,,,"North America","Americas","Caribbean","Developing and Transition","Non G20",,"Non-OECD","Not in Europe","Not in Pacific Region","Not in Africa",0,"Aruban Florin","AWG","ABW"
"AFG","AFG","AF",4,"Afghanistan",,,,,"South & Central Asia","Asia","Low-income economies","Emerging and Developing Economies","Emerging and Developing Economies","Low human development","SAARC","Asia Pacific","Asia","Southern Asia","Developing and Transition","Non G20","Other Emerging and Developing Economies","Non-OECD","Not in Europe","Not in Pacific Region","Not in Africa",0,"Afghani","AFN","AFG"
"AGO","AGO","AO",24,"Angola",,,,,"Sub-Saharan Africa","Africa","Lower-middle-income economies","Emerging and Developing Economies","Emerging and Developing Economies","Low human development","SADC",,"Africa","Middle Africa","Developing and Transition","Non G20","Other Emerging and Developing Economies","Non-OECD","Not in Europe","Not in Pacific Region","Signed, not ratified",1,"Kwanza","AOA","AGO"
"AIA","AIA","AI",660,"Anguilla","United Kingdom","Overseas Territory",,,"S. & C. America, Caribbean","North America",,"Advanced Economies",,,,"North America","Americas","Caribbean","Developing and Transition","Non G20",,"Non-OECD","Not in Europe","Not in Pacific Region","Not in Africa",0,"East Caribbean Dollar","XCD","AIA"
"ALA","ALA","AX",248,"Åland Islands","Finland","Autonomous Region",,,"Europe","Europe",,"Advanced Economies",,,,"Europe","Europe","Northern Europe","Developed","Non G20",,"Non-OECD","Other Europe","Not in Pacific Region","Not in Africa",0,"Euro","EUR","ALA"
"ALB","ALB","AL",8,"Albania",,,,,"Europe","Europe","Upper-middle-income economies","Emerging and Developing Economies","Emerging and Developing Economies","High human development",,"Europe","Europe","Southern Europe","Developed","Non G20","Other Emerging and Developing Economies","Non-OECD","Other Europe","Not in Pacific Region","Not in Africa",1,"Lek","ALL","ALB"
"AND","AND","AD",20,"Andorra",,,,,"Europe","Europe","High-income economies","Advanced Economies",,"Very high human development",,"Europe","Europe","Southern Europe","Developed","Non G20",,"Non-OECD","Other Europe","Not in Pacific Region","Not in Africa",0,"Euro","EUR","ADO"
"ANT","ANT","AN",530,"Netherlands Antilles","Netherlands","Constituent Country (Obsolete)",,2010,"S. & C. America, Caribbean","North America",,"Advanced Economies",,,,"North America",,,,"Non G20",,"Non-OECD","Not in Europe","Not in Pacific Region","Not in Africa",0,,,"ANT"
"ARE","ARE","AE",784,"United Arab Emirates",,,,,"Middle East & N. Africa","Asia","High-income economies","Emerging and Developing Economies","Emerging and Developing Economies","Very high human development","GCC","Asia Pacific","Asia","Western Asia","Developing and Transition","Non G20","Other Emerging and Developing Economies","Non-OECD","Not in Europe","Not in Pacific Region","Not in Africa",0,"UAE Dirham","AED","ARE"
"ARG","ARG","AR",32,"Argentina",,,,,"S. & C. America, Caribbean","South America","Upper-middle-income economies","Emerging and Developing Economies","Emerging and Developing Economies","Very high human development","Mercosur",,"Americas","South America","Developing and Transition","G20","Other Emerging and Developing Economies","Non-OECD","Not in Europe","Not in Pacific Region","Not in Africa",1,"Argentine Peso","ARS","ARG"
"ARM","ARM","AM",51,"Armenia",,,,,"South & Central Asia","Asia","Lower-middle-income economies","Emerging and Developing Economies","Emerging and Developing Economies","High human development",,"Asia Pacific","Asia","Western Asia","Developing and Transition","Non G20","Other Emerging and Developing Economies","Non-OECD","Not in Europe","Not in Pacific Region","Not in Africa",0,"Armenian Dram","AMD","ARM"
"ASM","ASM","AS",16,"American Samoa","United States","Unincorporated Territory",,,"East Asia & Pacific","Oceania","Upper-middle-income economies","Advanced Economies",,,,"Asia Pacific","Oceania","Polynesia","Developing and Transition","Non G20",,"Non-OECD","Not in Europe","United States","Not in Africa",0,"US Dollar","USD","ASM"
"ATA","ATA","AQ",10,"Antarctica",,,,,,,,,,,,,,,,,,,"Not in Europe","Not in Pacific Region","Not in Africa",0,,,"ATA"
"ATF","ATF","TF",260,"French Southern and Antarctic Lands","France","Overseas Territory",,,"Sub-Saharan Africa","Africa",,"Advanced Economies",,,,,,,,"Non G20",,"Non-OECD","Not in Europe","Not in Pacific Region","Other Africa",0,"Euro","EUR","ATF"
"ATG","ATG","AG",28,"Antigua and Barbuda",,,,,"S. & C. America, Caribbean","North America","High-income economies","Emerging and Developing Economies","Emerging and Developing Economies","High human development","CARICOM","North America","Americas","Caribbean","Developing and Transition","Non G20","Other Emerging and Developing Economies","Non-OECD","Not in Europe","Not in Pacific Region","Not in Africa",0,"East Caribbean Dollar","XCD","ATG"
"AUS","AUS","AU",36,"Australia",,,,,"East Asia & Pacific","Oceania","High-income economies","Advanced Economies","Advanced Economies","Very high human development",,"Asia Pacific","Oceania","Australia and New Zealand","Developed","G20","Other Advanced Economies","OECD","Not in Europe","CPTPP","Not in Africa",1,"Australian Dollar","AUD","AUS"
"AUT","AUT","AT",40,"Austria",,,,,"Europe","Europe","High-income economies","Advanced Economies","Advanced Economies","Very high human development","European Union","Europe","Europe","Western Europe","Developed","Non G20","Other Advanced Economies","OECD","EEA","Not in Pacific Region","Not in Africa",1,"Euro","EUR","AUT"
"AZE","AZE","AZ",31,"Azerbaijan",,,,,"South & Central Asia","Asia","Upper-middle-income economies","Emerging and Developing Economies","Emerging and Developing Economies","High human development",,"Asia Pacific","Asia","Western Asia","Developing and Transition","Non G20","Other Emerging and Developing Economies","Non-OECD","Not in Europe","Not in Pacific Region","Not in Africa",0,"Azerbaijanian Manat","AZN","AZE"
"BDI","BDI","BI",108,"Burundi",,,,,"Sub-Saharan Africa","Africa","Low-income economies","Emerging and Developing Economies","Emerging and Developing Economies","Low human development","COMESA",,"Africa","Eastern Africa","Developing and Transition","Non G20","Other Emerging and Developing Economies","Non-OECD","Not in Europe","Not in Pacific Region","Signed, not ratified",0,"Burundi Franc","BIF","BDI"
"BEL","BEL","BE",56,"Belgium",,,,,"Europe","Europe","High-income economies","Advanced Economies","Advanced Economies","Very high human development","European Union","Europe","Europe","Western Europe","Developed","Non G20","Other Advanced Economies","OECD","EEA","Not in Pacific Region","Not in Africa",1,"Euro","EUR","BEL"
"BEN","BEN","BJ",204,"Benin",,,,,"Sub-Saharan Africa","Africa","Low-income economies","Emerging and Developing Economies","Emerging and Developing Economies","Low human development","ECOWAS + WAEMU",,"Africa","Western Africa","Developing and Transition","Non G20","Other Emerging and Developing Economies","Non-OECD","Not in Europe","Not in Pacific Region","Signed, not ratified",0,"CFA Franc BCEAO","XOF","BEN"
"BES","BES","BQ",535,"Bonaire, Sint Eustatius and Saba","Netherlands","Special Municipality",,,"S. & C. America, Caribbean","North America",,"Advanced Economies",,,,"North America","Americas","Caribbean","Developing and Transition","Non G20",,"Non-OECD","Not in Europe","Not in Pacific Region","Not in Africa",0,"US Dollar","USD","BES"
"BFA","BFA","BF",854,"Burkina Faso",,,,,"Sub-Saharan Africa","Africa","Low-income economies","Emerging and Developing Economies","Emerging and Developing Economies","Low human development","ECOWAS + WAEMU",,"Africa","Western Africa","Developing and Transition","Non G20","Other Emerging and Developing Economies","Non-OECD","Not in Europe","Not in Pacific Region","Signed, not ratified",1,"CFA Franc BCEAO","XOF","BFA"
"BGD","BGD","BD",50,"Bangladesh",,,,,"South & Central Asia","Asia","Lower-middle-income economies","Emerging and Developing Economies","Emerging and Developing Economies","Medium human development","SAARC","Asia Pacific","Asia","Southern Asia","Developing and Transition","Non G20","Other Emerging and Developing Economies","Non-OECD","Not in Europe","Not in Pacific Region","Not in Africa",1,"Taka","BDT","BGD"
"BGR","BGR","BG",100,"Bulgaria",,,,,"Europe","Europe","Upper-middle-income economies","Emerging and Developing Economies","Emerging and Developing Economies","High human development","European Union","Europe","Europe","Eastern Europe","Developed","Non G20","Other Emerging and Developing Economies","Non-OECD","EEA","Not in Pacific Region","Not in Africa",1,"Bulgarian Lev","BGN","BGR"
"BHR","BHR","BH",48,"Bahrain",,,,,"Middle East & N. Africa","Asia","High-income economies","Emerging and Developing Economies","Emerging and Developing Economies","Very high human development","GCC","Asia Pacific","Asia","Western Asia","Developing and Transition","Non G20","Other Emerging and Developing Economies","Non-OECD","Not in Europe","Not in Pacific Region","Not in Africa",0,"Bahraini Dinar","BHD","BHR"
"BHS","BHS","BS",44,"Bahamas",,,,,"S. & C. America, Caribbean","North America","High-income economies","Emerging and Developing Economies","Emerging and Developing Economies","High human development","CARICOM","North America","Americas","Caribbean","Developing and Transition","Non G20","Other Emerging and Developing Economies","Non-OECD","Not in Europe","Not in Pacific Region","Not in Africa",0,"Bahamian Dollar","BSD","BHS"
"BIH","BIH","BA",70,"Bosnia and Herzegovina",,,,,"Europe","Europe","Upper-middle-income economies","Emerging and Developing Economies","Emerging and Developing Economies","High human development",,"Europe","Europe","Southern Europe","Developed","Non G20","Other Emerging and Developing Economies","Non-OECD","Other Europe","Not in Pacific Region","Not in Africa",0,"Convertible Mark","BAM","BIH"
"BLM","BLM","BL",652,"Saint-Barthélemy","France","Overseas Collectivity",,,"S. & C. America, Caribbean","North America",,"Advanced Economies",,,,"North America","Americas","Caribbean","Developing and Transition","Non G20",,"Non-OECD","Not in Europe","Not in Pacific Region","Not in Africa",0,"Euro","EUR","BLM"
"BLR","BLR","BY",112,"Belarus",,,,,"Europe","Europe","Upper-middle-income economies","Emerging and Developing Economies","Emerging and Developing Economies","High human development",,"Europe","Europe","Eastern Europe","Developed","Non G20","Other Emerging and Developing Economies","Non-OECD","Other Europe","Not in Pacific Region","Not in Africa",0,"Belarusian Ruble","BYR","BLR"
"BLZ","BLZ","BZ",84,"Belize",,,,,"S. & C. America, Caribbean","North America","Upper-middle-income economies","Emerging and Developing Economies","Emerging and Developing Economies","High human development","CARICOM + SICA","North America","Americas","Central America","Developing and Transition","Non G20","Other Emerging and Developing Economies","Non-OECD","Not in Europe","Not in Pacific Region","Not in Africa",0,"Belize Dollar","BZD","BLZ"
"BMU","BMU","BM",60,"Bermuda","United Kingdom","Overseas Territory",,,"North America","North America","High-income economies","Advanced Economies",,,,"North America","Americas","Northern America","Developed","Non G20",,"Non-OECD","Not in Europe","Not in Pacific Region","Not in Africa",0,"Bermudian Dollar","BMD","BMU"
"BOL","BOL","BO",68,"Bolivia (Plurinational State of)",,,,,"S. & C. America, Caribbean","South America","Lower-middle-income economies","Emerging and Developing Economies","Emerging and Developing Economies","Medium human development","Andean Community (CAN)",,"Americas","South America","Developing and Transition","Non G20","Other Emerging and Developing Economies","Non-OECD","Not in Europe","Not in Pacific Region","Not in Africa",1,"Boliviano","BOB","BOL"
"BRA","BRA","BR",76,"Brazil",,,,,"S. & C. America, Caribbean","South America","Upper-middle-income economies","Emerging and Developing Economies","Emerging and Developing Economies","High human development","Mercosur",,"Americas","South America","Developing and Transition","G20","BRICs","Non-OECD","Not in Europe","Not in Pacific Region","Not in Africa",1,"Brazilian Real","BRL","BRA"
"BRB","BRB","BB",52,"Barbados",,,,,"S. & C. America, Caribbean","North America","High-income economies","Emerging and Developing Economies","Emerging and Developing Economies","High human development","CARICOM","North America","Americas","Caribbean","Developing and Transition","Non G20","Other Emerging and Developing Economies","Non-OECD","Not in Europe","Not in Pacific Region","Not in Africa",0,"Barbados Dollar","BBD","BRB"
"BRN","BRN","BN",96,"Brunei Darussalam",,,,,"East Asia & Pacific","Asia","High-income economies","Emerging and Developing Economies","Emerging and Developing Economies","Very high human development","ASEAN","Asia Pacific","Asia","South-Eastern Asia","Developing and Transition","Non G20","Other Emerging and Developing Economies","Non-OECD","Not in Europe","CPTPP","Not in Africa",0,"Brunei Dollar","BND","BRN"
"BTN","BTN","BT",64,"Bhutan",,,,,"South & Central Asia","Asia","Lower-middle-income economies","Emerging and Developing Economies","Emerging and Developing Economies","Medium human development","SAARC","Asia Pacific","Asia","Southern Asia","Developing and Transition","Non G20","Other Emerging and Developing Economies","Non-OECD","Not in Europe","Not in Pacific Region","Not in Africa",0,"Ngultrum","BTN","BTN"
"BVT","BVT","BV",74,"Bouvet Island","Norway","Dependency",,,"Sub-Saharan Africa","Africa",,"Advanced Economies",,,,,,,,"Non G20",,"Non-OECD","Not in Europe","Not in Pacific Region","Other Africa",0,"Norwegian Krone","NOK","BVT"
"BWA","BWA","BW",72,"Botswana",,,,,"Sub-Saharan Africa","Africa","Upper-middle-income economies","Emerging and Developing Economies","Emerging and Developing Economies","Medium human development","SADC",,"Africa","Southern Africa","Developing and Transition","Non G20","Other Emerging and Developing Economies","Non-OECD","Not in Europe","Not in Pacific Region","Signed, not ratified",0,"Pula","BWP","BWA"
"CAF","CAF","CF",140,"Central African Republic",,,,,"Sub-Saharan Africa","Africa","Low-income economies","Emerging and Developing Economies","Emerging and Developing Economies","Low human development","CEMAC",,"Africa","Middle Africa","Developing and Transition","Non G20","Other Emerging and Developing Economies","Non-OECD","Not in Europe","Not in Pacific Region","Signed, not ratified",0,"CFA Franc BEAC","XAF","CAF"
"CAN","CAN","CA",124,"Canada",,,,,"North America","North America","High-income economies","Advanced Economies","Advanced Economies","Very high human development","NAFTA","North America","Americas","Northern America","Developed","G20","G7","OECD","Not in Europe","CPTPP","Not in Africa",1,"Canadian Dollar","CAD","CAN"
"CCK","CCK","CC",166,"Cocos (Keeling) Islands","Australia","External Territory",,,"East Asia & Pacific","Oceania",,"Advanced Economies",,,,"Asia Pacific",,,,"Non G20",,"Non-OECD","Not in Europe","Other Pacific Region","Not in Africa",0,"Australian Dollar","AUD","CCK"
"CHE","CHE","CH",756,"Switzerland",,,,,"Europe","Europe","High-income economies","Advanced Economies","Advanced Economies","Very high human development","EFTA","Europe","Europe","Western Europe","Developed","Non G20","Other Advanced Economies","OECD","Other Europe","Not in Pacific Region","Not in Africa",1,"Swiss Franc","CHF","CHE"
"CHL","CHL","CL",152,"Chile",,,,,"S. & C. America, Caribbean","South America","High-income economies","Emerging and Developing Economies","Emerging and Developing Economies","Very high human development",,,"Americas","South America","Developing and Transition","Non G20","Other Emerging and Developing Economies","OECD","Not in Europe","CPTPP","Not in Africa",1,"Chilean Peso","CLP","CHL"
"CHN","CHN","CN",156,"China",,,,,"East Asia & Pacific","Asia","Upper-middle-income economies","Emerging and Developing Economies","Emerging and Developing Economies","High human development",,"Asia Pacific","Asia","Eastern Asia","Developing and Transition","G20","BRICs","Non-OECD","Not in Europe","China","Not in Africa",1,"Yuan Renminbi","CNY","CHN"
"CIV","CIV","CI",384,"Côte d'Ivoire",,,,,"Sub-Saharan Africa","Africa","Lower-middle-income economies","Emerging and Developing Economies","Emerging and Developing Economies","Low human development","ECOWAS + WAEMU",,"Africa","Western Africa","Developing and Transition","Non G20","Other Emerging and Developing Economies","Non-OECD","Not in Europe","Not in Pacific Region","Ratified",1,"CFA Franc BCEAO","XOF","CIV"
"CMR","CMR","CM",120,"Cameroon",,,,,"Sub-Saharan Africa","Africa","Lower-middle-income economies","Emerging and Developing Economies","Emerging and Developing Economies","Low human development","CEMAC",,"Africa","Middle Africa","Developing and Transition","Non G20","Other Emerging and Developing Economies","Non-OECD","Not in Europe","Not in Pacific Region","Signed, not ratified",1,"CFA Franc BEAC","XAF","CMR"
"COD","COD","CD",180,"Democratic Republic of the Congo",,,,,"Sub-Saharan Africa","Africa","Low-income economies","Emerging and Developing Economies","Emerging and Developing Economies","Low human development","COMESA + SADC",,"Africa","Middle Africa","Developing and Transition","Non G20","Other Emerging and Developing Economies","Non-OECD","Not in Europe","Not in Pacific Region","Signed, not ratified",1,"Congolese Franc","CDF","ZAR"
"COG","COG","CG",178,"Congo",,,,,"Sub-Saharan Africa","Africa","Lower-middle-income economies","Emerging and Developing Economies","Emerging and Developing Economies","Medium human development","CEMAC",,"Africa","Middle Africa","Developing and Transition","Non G20","Other Emerging and Developing Economies","Non-OECD","Not in Europe","Not in Pacific Region","Ratified",1,"CFA Franc BEAC","XAF","COG"
"COK","COK","CK",184,"Cook Islands","New Zealand","Associated State",,,"East Asia & Pacific","Oceania",,"Advanced Economies",,,,"Asia Pacific","Oceania","Polynesia","Developing and Transition","Non G20",,"Non-OECD","Not in Europe","Other Pacific Region","Not in Africa",0,"New Zealand Dollar","NZD","COK"
"COL","COL","CO",170,"Colombia",,,,,"S. & C. America, Caribbean","South America","Upper-middle-income economies","Emerging and Developing Economies","Emerging and Developing Economies","High human development","Andean Community (CAN)",,"Americas","South America","Developing and Transition","Non G20","Other Emerging and Developing Economies","Non-OECD","Not in Europe","Other Pacific Region","Not in Africa",1,"Colombian Peso","COP","COL"
"COM","COM","KM",174,"Comoros",,,,,"Sub-Saharan Africa","Africa","Low-income economies","Emerging and Developing Economies","Emerging and Developing Economies","Low human development","COMESA",,"Africa","Eastern Africa","Developing and Transition","Non G20","Other Emerging and Developing Economies","Non-OECD","Not in Europe","Not in Pacific Region","Signed, not ratified",0,"Comoro Franc","KMF","COM"
"CPV","CPV","CV",132,"Cabo Verde",,,,,"Sub-Saharan Africa","Africa","Lower-middle-income economies","Emerging and Developing Economies","Emerging and Developing Economies","Medium human development","ECOWAS",,"Africa","Western Africa","Developing and Transition","Non G20","Other Emerging and Developing Economies","Non-OECD","Not in Europe","Not in Pacific Region","Signed, not ratified",0,"Cabo Verde Escudo","CVE","CPV"
"CRI","CRI","CR",188,"Costa Rica",,,,,"S. & C. America, Caribbean","North America","Upper-middle-income economies","Emerging and Developing Economies","Emerging and Developing Economies","High human development","SICA","North America","Americas","Central America","Developing and Transition","Non G20","Other Emerging and Developing Economies","Non-OECD","Not in Europe","Other Pacific Region","Not in Africa",1,"Costa Rican Colon","CRC","CRI"
"CSK","CSK",,200,"Czechoslovakia",,,,1993,"Europe","Europe",,,,,,"Europe",,,,"Non G20",,"Non-OECD","Other Europe","Not in Pacific Region","Not in Africa",0,,,
"CUB","CUB","CU",192,"Cuba",,,,,"S. & C. America, Caribbean","North America","Upper-middle-income economies","Emerging and Developing Economies",,"High human development",,"North America","Americas","Caribbean","Developing and Transition","Non G20",,"Non-OECD","Not in Europe","Not in Pacific Region","Not in Africa",0,"Cuban Peso","CUP","CUB"
"CUW","CUW","CW",531,"Curaçao","Netherlands","Constituent Country",,,"S. & C. America, Caribbean","North America","High-income economies","Advanced Economies",,,,"North America","Americas","Caribbean","Developing and Transition","Non G20",,"Non-OECD","Not in Europe","Not in Pacific Region","Not in Africa",0,"Netherlands Antillean Guilder","ANG","CUW"
"CXR","CXR","CX",162,"Christmas Island","Australia","External Territory",,,"East Asia & Pacific","Asia",,"Advanced Economies",,,,"Asia Pacific",,,,"Non G20",,"Non-OECD","Not in Europe","Other Pacific Region","Not in Africa",0,"Australian Dollar","AUD","CXR"
"CYM","CYM","KY",136,"Cayman Islands","United Kingdom","Overseas Territory",,,"S. & C. America, Caribbean","North America","High-income economies","Advanced Economies",,,,"North America","Americas","Caribbean","Developing and Transition","Non G20",,"Non-OECD","Not in Europe","Not in Pacific Region","Not in Africa",0,"Cayman Islands Dollar","KYD","CYM"
"CYP","CYP","CY",196,"Cyprus",,,,,"Europe","Europe","High-income economies","Advanced Economies","Advanced Economies","Very high human development","European Union","Europe","Asia","Western Asia","Developing and Transition","Non G20","Other Advanced Economies","Non-OECD","EEA","Not in Pacific Region","Not in Africa",1,"Euro","EUR","CYP"
"CZE","CZE","CZ",203,"Czechia",,,1993,,"Europe","Europe","High-income economies","Advanced Economies","Advanced Economies","Very high human development","European Union","Europe","Europe","Eastern Europe","Developed","Non G20","Other Advanced Economies","OECD","EEA","Not in Pacific Region","Not in Africa",0,"Czech Koruna","CZK","CZE"
"DDR","DDR","DD",278,"German Democratic Republic",,,,1990,"Europe","Europe",,,,,,"Europe",,,,"Non G20",,"Non-OECD","Other Europe","Not in Pacific Region","Not in Africa",0,,,
"DEU","DEU","DE",276,"Germany",,,,,"Europe","Europe","High-income economies","Advanced Economies","Advanced Economies","Very high human development","European Union","Europe","Europe","Western Europe","Developed","G20","G7","OECD","EEA","Not in Pacific Region","Not in Africa",1,"Euro","EUR","DEU"
"DJI","DJI","DJ",262,"Djibouti",,,,,"Middle East & N. Africa","Africa","Lower-middle-income economies","Emerging and Developing Economies","Emerging and Developing Economies","Low human development","COMESA",,"Africa","Eastern Africa","Developing and Transition","Non G20","Other Emerging and Developing Economies","Non-OECD","Not in Europe","Not in Pacific Region","Ratified",0,"Djibouti Franc","DJF","DJI"
"DMA","DMA","DM",212,"Dominica",,,,,"S. & C. America, Caribbean","North America","Upper-middle-income economies","Emerging and Developing Economies","Emerging and Developing Economies","High human development","CARICOM","North America","Americas","Caribbean","Developing and Transition","Non G20","Other Emerging and Developing Economies","Non-OECD","Not in Europe","Not in Pacific Region","Not in Africa",0,"East Caribbean Dollar","XCD","DMA"
"DNK","DNK","DK",208,"Denmark",,,,,"Europe","Europe","High-income economies","Advanced Economies","Advanced Economies","Very high human development","European Union","Europe","Europe","Northern Europe","Developed","Non G20","Other Advanced Economies","OECD","EEA","Not in Pacific Region","Not in Africa",1,"Danish Krone","DKK","DNK"
"DOM","DOM","DO",214,"Dominican Republic",,,,,"S. & C. America, Caribbean","North America","Upper-middle-income economies","Emerging and Developing Economies","Emerging and Developing Economies","High human development","SICA","North America","Americas","Caribbean","Developing and Transition","Non G20","Other Emerging and Developing Economies","Non-OECD","Not in Europe","Not in Pacific Region","Not in Africa",1,"Dominican Peso","DOP","DOM"
"DZA","DZA","DZ",12,"Algeria",,,,,"Middle East & N. Africa","Africa","Upper-middle-income economies","Emerging and Developing Economies","Emerging and Developing Economies","High human development",,,"Africa","Northern Africa","Developing and Transition","Non G20","Other Emerging and Developing Economies","Non-OECD","Not in Europe","Not in Pacific Region","Signed, not ratified",1,"Algerian Dinar","DZD","DZA"
"ECU","ECU","EC",218,"Ecuador",,,,,"S. & C. America, Caribbean","South America","Upper-middle-income economies","Emerging and Developing Economies","Emerging and Developing Economies","High human development","Andean Community (CAN)",,"Americas","South America","Developing and Transition","Non G20","Other Emerging and Developing Economies","Non-OECD","Not in Europe","Other Pacific Region","Not in Africa",1,"US Dollar","USD","ECU"
"EGY","EGY","EG",818,"Egypt",,,,,"Middle East & N. Africa","Africa","Lower-middle-income economies","Emerging and Developing Economies","Emerging and Developing Economies","Medium human development","COMESA",,"Africa","Northern Africa","Developing and Transition","Non G20","Other Emerging and Developing Economies","Non-OECD","Not in Europe","Not in Pacific Region","Ratified",1,"Egyptian Pound","EGP","EGY"
"ERI","ERI","ER",232,"Eritrea",,,,,"Sub-Saharan Africa","Africa","Low-income economies","Emerging and Developing Economies","Emerging and Developing Economies","Low human development","COMESA",,"Africa","Eastern Africa","Developing and Transition","Non G20","Other Emerging and Developing Economies","Non-OECD","Not in Europe","Not in Pacific Region","Other Africa",0,"Nakfa","ERN","ERI"
"ESH","ESH","EH",732,"Western Sahara","Morocco","Disputed Territory",,,"Middle East & N. Africa","Africa",,"Emerging and Developing Economies",,,,,"Africa","Northern Africa","Developing and Transition","Non G20",,"Non-OECD","Not in Europe","Not in Pacific Region","Other Africa",0,"Moroccan Dirham","MAD","ESH"
"ESP","ESP","ES",724,"Spain",,,,,"Europe","Europe","High-income economies","Advanced Economies","Advanced Economies","Very high human development","European Union","Europe","Europe","Southern Europe","Developed","Non G20","Other Advanced Economies","OECD","EEA","Not in Pacific Region","Not in Africa",1,"Euro","EUR","ESP"
"EST","EST","EE",233,"Estonia",,,,,"Europe","Europe","High-income economies","Advanced Economies","Advanced Economies","Very high human development","European Union","Europe","Europe","Northern Europe","Developed","Non G20","Other Advanced Economies","OECD","EEA","Not in Pacific Region","Not in Africa",0,"Euro","EUR","EST"
"ETH","ETH","ET",231,"Ethiopia",,,,,"Sub-Saharan Africa","Africa","Low-income economies","Emerging and Developing Economies","Emerging and Developing Economies","Low human development","COMESA",,"Africa","Eastern Africa","Developing and Transition","Non G20","Other Emerging and Developing Economies","Non-OECD","Not in Europe","Not in Pacific Region","Ratified",1,"Ethiopian Birr","ETB","ETH"
"FIN","FIN","FI",246,"Finland",,,,,"Europe","Europe","High-income economies","Advanced Economies","Advanced Economies","Very high human development","European Union","Europe","Europe","Northern Europe","Developed","Non G20","Other Advanced Economies","OECD","EEA","Not in Pacific Region","Not in Africa",1,"Euro","EUR","FIN"
"FJI","FJI","FJ",242,"Fiji",,,,,"East Asia & Pacific","Oceania","Upper-middle-income economies","Emerging and Developing Economies","Emerging and Developing Economies","High human development",,"Asia Pacific","Oceania","Melanesia","Developing and Transition","Non G20","Other Emerging and Developing Economies","Non-OECD","Not in Europe","Other Pacific Region","Not in Africa",0,"Fiji Dollar","FJD","FJI"
"FLK","FLK","FK",238,"Falkland Islands (Malvinas)","United Kingdom","Overseas Territory",,,"S. & C. America, Caribbean","South America",,"Advanced Economies",,,,,"Americas","South America","Developing and Transition","Non G20",,"Non-OECD","Not in Europe","Not in Pacific Region","Not in Africa",0,"Falkland Islands Pound","FKP","FLK"
"FRA","FRA","FR",250,"France",,,,,"Europe","Europe","High-income economies","Advanced Economies","Advanced Economies","Very high human development","European Union","Europe","Europe","Western Europe","Developed","G20","G7","OECD","EEA","Not in Pacific Region","Not in Africa",1,"Euro","EUR","FRA"
"FRO","FRO","FO",234,"Faeroe Islands","Denmark","Autonomous Country",,,"Europe","Europe","High-income economies","Advanced Economies",,,,"Europe","Europe","Northern Europe","Developed","Non G20",,"Non-OECD","Other Europe","Not in Pacific Region","Not in Africa",0,"Danish Krone","DKK","FRO"
"FSM","FSM","FM",583,"Micronesia (Federated States of)",,,,,"East Asia & Pacific","Oceania","Lower-middle-income economies","Emerging and Developing Economies","Emerging and Developing Economies","Medium human development",,"Asia Pacific","Oceania","Micronesia","Developing and Transition","Non G20","Other Emerging and Developing Economies","Non-OECD","Not in Europe","Other Pacific Region","Not in Africa",0,"US Dollar","USD","FSM"
"GAB","GAB","GA",266,"Gabon",,,,,"Sub-Saharan Africa","Africa","Upper-middle-income economies","Emerging and Developing Economies","Emerging and Developing Economies","Medium human development","CEMAC",,"Africa","Middle Africa","Developing and Transition","Non G20","Other Emerging and Developing Economies","Non-OECD","Not in Europe","Not in Pacific Region","Signed, not ratified",1,"CFA Franc BEAC","XAF","GAB"
"GBR","GBR","GB",826,"United Kingdom",,,,,"Europe","Europe","High-income economies","Advanced Economies","Advanced Economies","Very high human development","European Union","Europe","Europe","Northern Europe","Developed","G20","G7","OECD","EEA","Not in Pacific Region","Not in Africa",1,"Pound Sterling","GBP","GBR"
"GEO","GEO","GE",268,"Georgia",,,,,"South & Central Asia","Asia","Lower-middle-income economies","Emerging and Developing Economies","Emerging and Developing Economies","High human development",,"Asia Pacific","Asia","Western Asia","Developing and Transition","Non G20","Other Emerging and Developing Economies","Non-OECD","Not in Europe","Not in Pacific Region","Not in Africa",0,"Lari","GEL","GEO"
"GGY","GGY","GG",831,"Guernsey","United Kingdom","Crown Dependency",,,"Europe","Europe","High-income economies","Advanced Economies",,,,"Europe","Europe","Northern Europe","Developed","Non G20",,"Non-OECD","Other Europe","Not in Pacific Region","Not in Africa",0,"Pound Sterling","GBP","GGY"
"GHA","GHA","GH",288,"Ghana",,,,,"Sub-Saharan Africa","Africa","Lower-middle-income economies","Emerging and Developing Economies","Emerging and Developing Economies","Medium human development","ECOWAS",,"Africa","Western Africa","Developing and Transition","Non G20","Other Emerging and Developing Economies","Non-OECD","Not in Europe","Not in Pacific Region","Ratified",1,"Ghana Cedi","GHS","GHA"
"GIB","GIB","GI",292,"Gibraltar","United Kingdom","Overseas Territory",,,"Europe","Europe","High-income economies","Advanced Economies",,,,"Europe","Europe","Southern Europe","Developed","Non G20",,"Non-OECD","EEA","Not in Pacific Region","Not in Africa",0,"Gibraltar Pound","GIP","GIB"
"GIN","GIN","GN",324,"Guinea",,,,,"Sub-Saharan Africa","Africa","Low-income economies","Emerging and Developing Economies","Emerging and Developing Economies","Low human development","ECOWAS",,"Africa","Western Africa","Developing and Transition","Non G20","Other Emerging and Developing Economies","Non-OECD","Not in Europe","Not in Pacific Region","Ratified",0,"Guinea Franc","GNF","GIN"
"GLP","GLP","GP",312,"Guadeloupe","France","Overseas Region",,,"S. & C. America, Caribbean","North America",,"Advanced Economies",,,,"North America","Americas","Caribbean","Developing and Transition","Non G20",,"Non-OECD","Not in Europe","Not in Pacific Region","Not in Africa",0,"Euro","EUR","GLP"
"GMB","GMB","GM",270,"Gambia",,,,,"Sub-Saharan Africa","Africa","Low-income economies","Emerging and Developing Economies","Emerging and Developing Economies","Low human development","ECOWAS",,"Africa","Western Africa","Developing and Transition","Non G20","Other Emerging and Developing Economies","Non-OECD","Not in Europe","Not in Pacific Region","Ratified",1,"Dalasi","GMD","GMB"
"GNB","GNB","GW",624,"Guinea-Bissau",,,,,"Sub-Saharan Africa","Africa","Low-income economies","Emerging and Developing Economies","Emerging and Developing Economies","Low human development","ECOWAS + WAEMU",,"Africa","Western Africa","Developing and Transition","Non G20","Other Emerging and Developing Economies","Non-OECD","Not in Europe","Not in Pacific Region","Signed, not ratified",1,"CFA Franc BCEAO","XOF","GNB"
"GNQ","GNQ","GQ",226,"Equatorial Guinea",,,,,"Sub-Saharan Africa","Africa","Upper-middle-income economies","Emerging and Developing Economies","Emerging and Developing Economies","Medium human development","CEMAC",,"Africa","Middle Africa","Developing and Transition","Non G20","Other Emerging and Developing Economies","Non-OECD","Not in Europe","Not in Pacific Region","Signed, not ratified",0,"CFA Franc BEAC","XAF","GNQ"
"GRC","GRC","GR",300,"Greece",,,,,"Europe","Europe","High-income economies","Advanced Economies","Advanced Economies","Very high human development","European Union","Europe","Europe","Southern Europe","Developed","Non G20","Other Advanced Economies","OECD","EEA","Not in Pacific Region","Not in Africa",1,"Euro","EUR","GRC"
"GRD","GRD","GD",308,"Grenada",,,,,"S. & C. America, Caribbean","North America","Upper-middle-income economies","Emerging and Developing Economies","Emerging and Developing Economies","High human development","CARICOM","North America","Americas","Caribbean","Developing and Transition","Non G20","Other Emerging and Developing Economies","Non-OECD","Not in Europe","Not in Pacific Region","Not in Africa",0,"East Caribbean Dollar","XCD","GRD"
"GRL","GRL","GL",304,"Greenland","Denmark",,,,"North America","North America","High-income economies","Advanced Economies",,,,"North America","Americas","Northern America","Developed","Non G20",,"Non-OECD","Not in Europe","Not in Pacific Region","Not in Africa",0,"Danish Krone","DKK","GRL"
"GTM","GTM","GT",320,"Guatemala",,,,,"S. & C. America, Caribbean","North America","Lower-middle-income economies","Emerging and Developing Economies","Emerging and Developing Economies","Medium human development","SICA","North America","Americas","Central America","Developing and Transition","Non G20","Other Emerging and Developing Economies","Non-OECD","Not in Europe","Other Pacific Region","Not in Africa",1,"Quetzal","GTQ","GTM"
"GUF","GUF","GF",254,"French Guiana","France","Overseas Region",,,"S. & C. America, Caribbean","South America",,"Advanced Economies",,,,,"Americas","South America","Developing and Transition","Non G20",,"Non-OECD","Not in Europe","Not in Pacific Region","Not in Africa",0,"Euro","EUR","GUF"
"GUM","GUM","GU",316,"Guam","United States","Unincorporated Territory",,,"East Asia & Pacific","Oceania","High-income economies","Advanced Economies",,,,"Asia Pacific","Oceania","Micronesia","Developing and Transition","Non G20",,"Non-OECD","Not in Europe","United States","Not in Africa",0,"US Dollar","USD","GUM"
"GUY","GUY","GY",328,"Guyana",,,,,"S. & C. America, Caribbean","South America","Upper-middle-income economies","Emerging and Developing Economies","Emerging and Developing Economies","Medium human development","CARICOM",,"Americas","South America","Developing and Transition","Non G20","Other Emerging and Developing Economies","Non-OECD","Not in Europe","Not in Pacific Region","Not in Africa",1,"Guyana Dollar","GYD","GUY"
"HKG","HKG","HK",344,"Hong Kong SAR (China)","China","Special Administrative Region",,,"East Asia & Pacific","Asia","High-income economies","Advanced Economies","Advanced Economies","Very high human development",,"Asia Pacific","Asia","Eastern Asia","Developing and Transition","Non G20","Other Advanced Economies","Non-OECD","Not in Europe","China","Not in Africa",1,"Hong Kong Dollar","HKD","HKG"
"HMD","HMD","HM",334,"Heard and McDonald Islands","Australia","External Territory",,,"East Asia & Pacific","Oceania",,"Advanced Economies",,,,"Asia Pacific",,,,"Non G20",,"Non-OECD","Not in Europe","Other Pacific Region","Not in Africa",0,"Australian Dollar","AUD","HMD"
"HND","HND","HN",340,"Honduras",,,,,"S. & C. America, Caribbean","North America","Lower-middle-income economies","Emerging and Developing Economies","Emerging and Developing Economies","Medium human development","SICA","North America","Americas","Central America","Developing and Transition","Non G20","Other Emerging and Developing Economies","Non-OECD","Not in Europe","Other Pacific Region","Not in Africa",1,"Lempira","HNL","HND"
"HRV","HRV","HR",191,"Croatia",,,,,"Europe","Europe","Upper-middle-income economies","Emerging and Developing Economies","Emerging and Developing Economies","Very high human development","European Union","Europe","Europe","Southern Europe","Developed","Non G20","Other Emerging and Developing Economies","Non-OECD","EEA","Not in Pacific Region","Not in Africa",0,"Kuna","HRK","HRV"
"HTI","HTI","HT",332,"Haiti",,,,,"S. & C. America, Caribbean","North America","Low-income economies","Emerging and Developing Economies","Emerging and Developing Economies","Low human development","CARICOM","North America","Americas","Caribbean","Developing and Transition","Non G20","Other Emerging and Developing Economies","Non-OECD","Not in Europe","Not in Pacific Region","Not in Africa",1,"Gourde","HTG","HTI"
"HUN","HUN","HU",348,"Hungary",,,,,"Europe","Europe","High-income economies","Emerging and Developing Economies","Emerging and Developing Economies","Very high human development","European Union","Europe","Europe","Eastern Europe","Developed","Non G20","Other Emerging and Developing Economies","OECD","EEA","Not in Pacific Region","Not in Africa",1,"Forint","HUF","HUN"
"IDN","IDN","ID",360,"Indonesia",,,,,"East Asia & Pacific","Asia","Lower-middle-income economies","Emerging and Developing Economies","Emerging and Developing Economies","Medium human development","ASEAN","Asia Pacific","Asia","South-Eastern Asia","Developing and Transition","G20","Other Emerging and Developing Economies","Non-OECD","Not in Europe","Other Pacific Region","Not in Africa",1,"Rupiah","IDR","IDN"
"IMN","IMN","IM",833,"Isle of Man","United Kingdom","Crown Dependency",,,"Europe","Europe","High-income economies","Advanced Economies",,,,"Europe","Europe","Northern Europe","Developed","Non G20",,"Non-OECD","Other Europe","Not in Pacific Region","Not in Africa",0,"Pound Sterling","GBP","IMY"
"IND","IND","IN",356,"India",,,,,"South & Central Asia","Asia","Lower-middle-income economies","Emerging and Developing Economies","Emerging and Developing Economies","Medium human development","SAARC","Asia Pacific","Asia","Southern Asia","Developing and Transition","G20","BRICs","Non-OECD","Not in Europe","Not in Pacific Region","Not in Africa",1,"Indian Rupee","INR","IND"
"IOT","IOT","IO",86,"British Indian Ocean Territory","United Kingdom","Overseas Territory",,,"South & Central Asia","Asia",,"Advanced Economies",,,,"Asia Pacific",,,,"Non G20",,"Non-OECD","Not in Europe","Not in Pacific Region","Not in Africa",0,"US Dollar","USD","IOT"
"IRL","IRL","IE",372,"Ireland",,,,,"Europe","Europe","High-income economies","Advanced Economies","Advanced Economies","Very high human development","European Union","Europe","Europe","Northern Europe","Developed","Non G20","Other Advanced Economies","OECD","EEA","Not in Pacific Region","Not in Africa",1,"Euro","EUR","IRL"
"IRN","IRN","IR",364,"Iran (Islamic Republic of)",,,,,"South & Central Asia","Asia","Upper-middle-income economies","Emerging and Developing Economies","Emerging and Developing Economies","High human development",,"Asia Pacific","Asia","Southern Asia","Developing and Transition","Non G20","Other Emerging and Developing Economies","Non-OECD","Not in Europe","Not in Pacific Region","Not in Africa",1,"Iranian Rial","IRR","IRN"
"IRQ","IRQ","IQ",368,"Iraq",,,,,"Middle East & N. Africa","Asia","Upper-middle-income economies","Emerging and Developing Economies","Emerging and Developing Economies","Medium human development",,"Asia Pacific","Asia","Western Asia","Developing and Transition","Non G20","Other Emerging and Developing Economies","Non-OECD","Not in Europe","Not in Pacific Region","Not in Africa",0,"Iraqi Dinar","IQD","IRQ"
"ISL","ISL","IS",352,"Iceland",,,,,"Europe","Europe","High-income economies","Advanced Economies","Advanced Economies","Very high human development","EFTA","Europe","Europe","Northern Europe","Developed","Non G20","Other Advanced Economies","OECD","EEA","Not in Pacific Region","Not in Africa",0,"Iceland Krona","ISK","ISL"
"ISR","ISR","IL",376,"Israel",,,,,"Middle East & N. Africa","Asia","High-income economies","Advanced Economies","Advanced Economies","Very high human development",,"Asia Pacific","Asia","Western Asia","Developing and Transition","Non G20","Other Advanced Economies","OECD","Not in Europe","Not in Pacific Region","Not in Africa",1,"New Israeli Sheqel","ILS","ISR"
"ITA","ITA","IT",380,"Italy",,,,,"Europe","Europe","High-income economies","Advanced Economies","Advanced Economies","Very high human development","European Union","Europe","Europe","Southern Europe","Developed","G20","G7","OECD","EEA","Not in Pacific Region","Not in Africa",1,"Euro","EUR","ITA"
"JAM","JAM","JM",388,"Jamaica",,,,,"S. & C. America, Caribbean","North America","Upper-middle-income economies","Emerging and Developing Economies","Emerging and Developing Economies","High human development","CARICOM","North America","Americas","Caribbean","Developing and Transition","Non G20","Other Emerging and Developing Economies","Non-OECD","Not in Europe","Not in Pacific Region","Not in Africa",1,"Jamaican Dollar","JMD","JAM"
"JEY","JEY","JE",832,"Jersey","United Kingdom","Crown Dependency",,,"Europe","Europe","High-income economies","Advanced Economies",,,,"Europe","Europe","Northern Europe","Developed","Non G20",,"Non-OECD","Other Europe","Not in Pacific Region","Not in Africa",0,"Pound Sterling","GBP","JEY"
"JOR","JOR","JO",400,"Jordan",,,,,"Middle East & N. Africa","Asia","Lower-middle-income economies","Emerging and Developing Economies","Emerging and Developing Economies","High human development",,"Asia Pacific","Asia","Western Asia","Developing and Transition","Non G20","Other Emerging and Developing Economies","Non-OECD","Not in Europe","Not in Pacific Region","Not in Africa",0,"Jordanian Dinar","JOD","JOR"
"JPN","JPN","JP",392,"Japan",,,,,"East Asia & Pacific","Asia","High-income economies","Advanced Economies","Advanced Economies","Very high human development",,"Asia Pacific","Asia","Eastern Asia","Developed","G20","G7","OECD","Not in Europe","CPTPP","Not in Africa",1,"Yen","JPY","JPN"
"KAZ","KAZ","KZ",398,"Kazakhstan",,,,,"South & Central Asia","Asia","Upper-middle-income economies","Emerging and Developing Economies","Emerging and Developing Economies","High human development",,"Asia Pacific","Asia","Central Asia","Developing and Transition","Non G20","Other Emerging and Developing Economies","Non-OECD","Not in Europe","Not in Pacific Region","Not in Africa",0,"Tenge","KZT","KAZ"
"KEN","KEN","KE",404,"Kenya",,,,,"Sub-Saharan Africa","Africa","Lower-middle-income economies","Emerging and Developing Economies","Emerging and Developing Economies","Medium human development","COMESA",,"Africa","Eastern Africa","Developing and Transition","Non G20","Other Emerging and Developing Economies","Non-OECD","Not in Europe","Not in Pacific Region","Ratified",1,"Kenyan Shilling","KES","KEN"
"KGZ","KGZ","KG",417,"Kyrgyzstan",,,,,"South & Central Asia","Asia","Lower-middle-income economies","Emerging and Developing Economies","Emerging and Developing Economies","Medium human development",,"Asia Pacific","Asia","Central Asia","Developing and Transition","Non G20","Other Emerging and Developing Economies","Non-OECD","Not in Europe","Not in Pacific Region","Not in Africa",0,"Som","KGS","KGZ"
"KHM","KHM","KH",116,"Cambodia",,,,,"East Asia & Pacific","Asia","Lower-middle-income economies","Emerging and Developing Economies","Emerging and Developing Economies","Medium human development","ASEAN","Asia Pacific","Asia","South-Eastern Asia","Developing and Transition","Non G20","Other Emerging and Developing Economies","Non-OECD","Not in Europe","Other Pacific Region","Not in Africa",0,"Riel","KHR","KHM"
"KIR","KIR","KI",296,"Kiribati",,,,,"East Asia & Pacific","Oceania","Lower-middle-income economies","Emerging and Developing Economies","Emerging and Developing Economies","Medium human development",,"Asia Pacific","Oceania","Micronesia","Developing and Transition","Non G20","Other Emerging and Developing Economies","Non-OECD","Not in Europe","Other Pacific Region","Not in Africa",0,"Australian Dollar","AUD","KIR"
"KNA","KNA","KN",659,"St. Kitts and Nevis",,,,,"S. & C. America, Caribbean","North America","High-income economies","Emerging and Developing Economies","Emerging and Developing Economies","High human development","CARICOM","North America","Americas","Caribbean","Developing and Transition","Non G20","Other Emerging and Developing Economies","Non-OECD","Not in Europe","Not in Pacific Region","Not in Africa",0,"East Caribbean Dollar","XCD","KNA"
"KOR","KOR","KR",410,"Korea (Republic of)",,,,,"East Asia & Pacific","Asia","High-income economies","Advanced Economies","Advanced Economies","Very high human development",,"Asia Pacific","Asia","Eastern Asia","Developing and Transition","G20","Other Advanced Economies","OECD","Not in Europe","Other Pacific Region","Not in Africa",1,"Won","KRW","KOR"
"KWT","KWT","KW",414,"Kuwait",,,,,"Middle East & N. Africa","Asia","High-income economies","Emerging and Developing Economies","Emerging and Developing Economies","Very high human development","GCC","Asia Pacific","Asia","Western Asia","Developing and Transition","Non G20","Other Emerging and Developing Economies","Non-OECD","Not in Europe","Not in Pacific Region","Not in Africa",0,"Kuwaiti Dinar","KWD","KWT"
"LAO","LAO","LA",418,"Lao People's Democratic Republic",,,,,"East Asia & Pacific","Asia","Lower-middle-income economies","Emerging and Developing Economies","Emerging and Developing Economies","Medium human development","ASEAN","Asia Pacific","Asia","South-Eastern Asia","Developing and Transition","Non G20","Other Emerging and Developing Economies","Non-OECD","Not in Europe","Other Pacific Region","Not in Africa",0,"Kip","LAK","LAO"
"LBN","LBN","LB",422,"Lebanon",,,,,"Middle East & N. Africa","Asia","Upper-middle-income economies","Emerging and Developing Economies","Emerging and Developing Economies","High human development",,"Asia Pacific","Asia","Western Asia","Developing and Transition","Non G20","Other Emerging and Developing Economies","Non-OECD","Not in Europe","Not in Pacific Region","Not in Africa",0,"Lebanese Pound","LBP","LBN"
"LBR","LBR","LR",430,"Liberia",,,,,"Sub-Saharan Africa","Africa","Low-income economies","Emerging and Developing Economies","Emerging and Developing Economies","Low human development","ECOWAS",,"Africa","Western Africa","Developing and Transition","Non G20","Other Emerging and Developing Economies","Non-OECD","Not in Europe","Not in Pacific Region","Signed, not ratified",0,"Liberian Dollar","LRD","LBR"
"LBY","LBY","LY",434,"Libya",,,,,"Middle East & N. Africa","Africa","Upper-middle-income economies","Emerging and Developing Economies","Emerging and Developing Economies","High human development","COMESA",,"Africa","Northern Africa","Developing and Transition","Non G20","Other Emerging and Developing Economies","Non-OECD","Not in Europe","Not in Pacific Region","Signed, not ratified",0,"Libyan Dinar","LYD","LBY"
"LCA","LCA","LC",662,"St. Lucia",,,,,"S. & C. America, Caribbean","North America","Upper-middle-income economies","Emerging and Developing Economies","Emerging and Developing Economies","High human development","CARICOM","North America","Americas","Caribbean","Developing and Transition","Non G20","Other Emerging and Developing Economies","Non-OECD","Not in Europe","Not in Pacific Region","Not in Africa",0,"East Caribbean Dollar","XCD","LCA"
"LIE","LIE","LI",438,"Liechtenstein",,,,,"Europe","Europe","High-income economies","Advanced Economies",,"Very high human development","EFTA","Europe","Europe","Western Europe","Developed","Non G20",,"Non-OECD","EEA","Not in Pacific Region","Not in Africa",0,"Swiss Franc","CHF","LIE"
"LKA","LKA","LK",144,"Sri Lanka",,,,,"South & Central Asia","Asia","Lower-middle-income economies","Emerging and Developing Economies","Emerging and Developing Economies","High human development","SAARC","Asia Pacific","Asia","Southern Asia","Developing and Transition","Non G20","Other Emerging and Developing Economies","Non-OECD","Not in Europe","Not in Pacific Region","Not in Africa",1,"Sri Lanka Rupee","LKR","LKA"
"LSO","LSO","LS",426,"Lesotho",,,,,"Sub-Saharan Africa","Africa","Lower-middle-income economies","Emerging and Developing Economies","Emerging and Developing Economies","Low human development","SADC",,"Africa","Southern Africa","Developing and Transition","Non G20","Other Emerging and Developing Economies","Non-OECD","Not in Europe","Not in Pacific Region","Signed, not ratified",0,"Loti","LSL","LSO"
"LTU","LTU","LT",440,"Lithuania",,,,,"Europe","Europe","High-income economies","Advanced Economies","Advanced Economies","Very high human development","European Union","Europe","Europe","Northern Europe","Developed","Non G20","Other Advanced Economies","Non-OECD","EEA","Not in Pacific Region","Not in Africa",0,"Euro","EUR","LTU"
"LUX","LUX","LU",442,"Luxembourg",,,,,"Europe","Europe","High-income economies","Advanced Economies","Advanced Economies","Very high human development","European Union","Europe","Europe","Western Europe","Developed","Non G20","Other Advanced Economies","OECD","EEA","Not in Pacific Region","Not in Africa",1,"Euro","EUR","LUX"
"LVA","LVA","LV",428,"Latvia",,,,,"Europe","Europe","High-income economies","Advanced Economies","Advanced Economies","Very high human development","European Union","Europe","Europe","Northern Europe","Developed","Non G20","Other Advanced Economies","Non-OECD","EEA","Not in Pacific Region","Not in Africa",0,"Euro","EUR","LVA"
"MAC","MAC","MO",446,"Macau SAR (China)","China","Special Administrative Region",,,"East Asia & Pacific","Asia","High-income economies","Advanced Economies","Advanced Economies",,,"Asia Pacific","Asia","Eastern Asia","Developing and Transition","Non G20","Other Advanced Economies","Non-OECD","Not in Europe","China","Not in Africa",0,"Pataca","MOP","MAC"
"MAF","MAF","MF",663,"Saint Martin (French part)","France","Overseas Collectivity",,,"S. & C. America, Caribbean","North America","High-income economies","Advanced Economies",,,,"North America","Americas","Caribbean","Developing and Transition","Non G20",,"Non-OECD","Not in Europe","Not in Pacific Region","Not in Africa",0,"Euro","EUR","MAF"
"MAR","MAR","MA",504,"Morocco",,,,,"Middle East & N. Africa","Africa","Lower-middle-income economies","Emerging and Developing Economies","Emerging and Developing Economies","Medium human development",,,"Africa","Northern Africa","Developing and Transition","Non G20","Other Emerging and Developing Economies","Non-OECD","Not in Europe","Not in Pacific Region","Signed, not ratified",1,"Moroccan Dirham","MAD","MAR"
"MCO","MCO","MC",492,"Monaco",,,,,"Europe","Europe","High-income economies","Advanced Economies",,,,"Europe","Europe","Western Europe","Developed","Non G20",,"Non-OECD","Other Europe","Not in Pacific Region","Not in Africa",0,"Euro","EUR","MCO"
"MDA","MDA","MD",498,"Moldova",,,,,"Europe","Europe","Lower-middle-income economies","Emerging and Developing Economies","Emerging and Developing Economies","Medium human development",,"Europe","Europe","Eastern Europe","Developed","Non G20","Other Emerging and Developing Economies","Non-OECD","Other Europe","Not in Pacific Region","Not in Africa",0,"Moldovan Leu","MDL","MDA"
"MDG","MDG","MG",450,"Madagascar",,,,,"Sub-Saharan Africa","Africa","Low-income economies","Emerging and Developing Economies","Emerging and Developing Economies","Low human development","COMESA + SADC",,"Africa","Eastern Africa","Developing and Transition","Non G20","Other Emerging and Developing Economies","Non-OECD","Not in Europe","Not in Pacific Region","Signed, not ratified",1,"Malagasy Ariary","MGA","MDG"
"MDV","MDV","MV",462,"Maldives",,,,,"South & Central Asia","Asia","Upper-middle-income economies","Emerging and Developing Economies","Emerging and Developing Economies","High human development","SAARC","Asia Pacific","Asia","Southern Asia","Developing and Transition","Non G20","Other Emerging and Developing Economies","Non-OECD","Not in Europe","Not in Pacific Region","Not in Africa",0,"Rufiyaa","MVR","MDV"
"MEX","MEX","MX",484,"Mexico",,,,,"North America","North America","Upper-middle-income economies","Emerging and Developing Economies","Emerging and Developing Economies","High human development","NAFTA","North America","Americas","Central America","Developing and Transition","G20","Other Emerging and Developing Economies","OECD","Not in Europe","CPTPP","Not in Africa",1,"Mexican Peso","MXN","MEX"
"MHL","MHL","MH",584,"Marshall Islands",,,,,"East Asia & Pacific","Oceania","Upper-middle-income economies","Emerging and Developing Economies","Emerging and Developing Economies",,,"Asia Pacific","Oceania","Micronesia","Developing and Transition","Non G20","Other Emerging and Developing Economies","Non-OECD","Not in Europe","Other Pacific Region","Not in Africa",0,"US Dollar","USD","MHL"
"MKD","MKD","MK",807,"North Macedonia",,,,,"Europe","Europe","Upper-middle-income economies","Emerging and Developing Economies","Emerging and Developing Economies","High human development",,"Europe","Europe","Southern Europe","Developed","Non G20","Other Emerging and Developing Economies","Non-OECD","Other Europe","Not in Pacific Region","Not in Africa",0,"Denar","MKD","MKD"
"MLI","MLI","ML",466,"Mali",,,,,"Sub-Saharan Africa","Africa","Low-income economies","Emerging and Developing Economies","Emerging and Developing Economies","Low human development","ECOWAS + WAEMU",,"Africa","Western Africa","Developing and Transition","Non G20","Other Emerging and Developing Economies","Non-OECD","Not in Europe","Not in Pacific Region","Ratified",1,"CFA Franc BCEAO","XOF","MLI"
"MLT","MLT","MT",470,"Malta",,,,,"Europe","Europe","High-income economies","Advanced Economies","Advanced Economies","Very high human development","European Union","Europe","Europe","Southern Europe","Developed","Non G20","Other Advanced Economies","Non-OECD","EEA","Not in Pacific Region","Not in Africa",0,"Euro","EUR","MLT"
"MMR","MMR","MM",104,"Myanmar",,,,,"East Asia & Pacific","Asia","Lower-middle-income economies","Emerging and Developing Economies","Emerging and Developing Economies","Medium human development","ASEAN","Asia Pacific","Asia","South-Eastern Asia","Developing and Transition","Non G20","Other Emerging and Developing Economies","Non-OECD","Not in Europe","Other Pacific Region","Not in Africa",0,"Kyat","MMK","MMR"
"MNE","MNE","ME",499,"Montenegro",,,2006,,"Europe","Europe","Upper-middle-income economies","Emerging and Developing Economies","Emerging and Developing Economies","Very high human development",,"Europe","Europe","Southern Europe","Developed","Non G20","Other Emerging and Developing Economies","Non-OECD","Other Europe","Not in Pacific Region","Not in Africa",0,"Euro","EUR","MNE"
"MNG","MNG","MN",496,"Mongolia",,,,,"East Asia & Pacific","Asia","Lower-middle-income economies","Emerging and Developing Economies","Emerging and Developing Economies","High human development",,"Asia Pacific","Asia","Eastern Asia","Developing and Transition","Non G20","Other Emerging and Developing Economies","Non-OECD","Not in Europe","Other Pacific Region","Not in Africa",0,"Tugrik","MNT","MNG"
"MNP","MNP","MP",580,"Northern Mariana Islands","United States","Commonwealth Territory",,,"East Asia & Pacific","Oceania","High-income economies","Advanced Economies",,,,"Asia Pacific","Oceania","Micronesia","Developing and Transition","Non G20",,"Non-OECD","Not in Europe","Other Pacific Region","Not in Africa",0,"US Dollar","USD","MNP"
"MOZ","MOZ","MZ",508,"Mozambique",,,,,"Sub-Saharan Africa","Africa","Low-income economies","Emerging and Developing Economies","Emerging and Developing Economies","Low human development","SADC",,"Africa","Eastern Africa","Developing and Transition","Non G20","Other Emerging and Developing Economies","Non-OECD","Not in Europe","Not in Pacific Region","Signed, not ratified",1,"Mozambique Metical","MZN","MOZ"
"MRT","MRT","MR",478,"Mauritania",,,,,"Sub-Saharan Africa","Africa","Lower-middle-income economies","Emerging and Developing Economies","Emerging and Developing Economies","Low human development",,,"Africa","Western Africa","Developing and Transition","Non G20","Other Emerging and Developing Economies","Non-OECD","Not in Europe","Not in Pacific Region","Ratified",1,"Ouguiya","MRO","MRT"
"MSR","MSR","MS",500,"Montserrat","United Kingdom","Overseas Territory",,,"S. & C. America, Caribbean","North America",,"Advanced Economies",,,"CARICOM","North America","Americas","Caribbean","Developing and Transition","Non G20",,"Non-OECD","Not in Europe","Not in Pacific Region","Not in Africa",0,"East Caribbean Dollar","XCD","MSR"
"MTQ","MTQ","MQ",474,"Martinique","France","Overseas Region",,,"S. & C. America, Caribbean","North America",,"Advanced Economies",,,,"North America","Americas","Caribbean","Developing and Transition","Non G20",,"Non-OECD","Not in Europe","Not in Pacific Region","Not in Africa",0,"Euro","EUR","MTQ"
"MUS","MUS","MU",480,"Mauritius",,,,,"Sub-Saharan Africa","Africa","Upper-middle-income economies","Emerging and Developing Economies","Emerging and Developing Economies","High human development","COMESA + SADC",,"Africa","Eastern Africa","Developing and Transition","Non G20","Other Emerging and Developing Economies","Non-OECD","Not in Europe","Not in Pacific Region","Signed, not ratified",1,"Mauritius Rupee","MUR","MUS"
"MWI","MWI","MW",454,"Malawi",,,,,"Sub-Saharan Africa","Africa","Low-income economies","Emerging and Developing Economies","Emerging and Developing Economies","Low human development","COMESA + SADC",,"Africa","Eastern Africa","Developing and Transition","Non G20","Other Emerging and Developing Economies","Non-OECD","Not in Europe","Not in Pacific Region","Signed, not ratified",1,"Malawi Kwacha","MWK","MWI"
"MYS","MYS","MY",458,"Malaysia",,,,,"East Asia & Pacific","Asia","Upper-middle-income economies","Emerging and Developing Economies","Emerging and Developing Economies","High human development","ASEAN","Asia Pacific","Asia","South-Eastern Asia","Developing and Transition","Non G20","Other Emerging and Developing Economies","Non-OECD","Not in Europe","CPTPP","Not in Africa",1,"Malaysian Ringgit","MYR","MYS"
"MYT","MYT","YT",175,"Mayotte","France","Overseas Region",,,"Sub-Saharan Africa","Africa",,"Advanced Economies",,,,,"Africa","Eastern Africa","Developing and Transition","Non G20",,"Non-OECD","Not in Europe","Not in Pacific Region","Other Africa",0,"Euro","EUR","MYT"
"NAM","NAM","NA",516,"Namibia",,,,,"Sub-Saharan Africa","Africa","Upper-middle-income economies","Emerging and Developing Economies","Emerging and Developing Economies","Medium human development","SADC",,"Africa","Southern Africa","Developing and Transition","Non G20","Other Emerging and Developing Economies","Non-OECD","Not in Europe","Not in Pacific Region","Ratified",0,"Namibia Dollar","NAD","NAM"
"NCL","NCL","NC",540,"New Caledonia","France","Overseas Collectivity",,,"East Asia & Pacific","Oceania","High-income economies","Advanced Economies",,,,"Asia Pacific","Oceania","Melanesia","Developing and Transition","Non G20",,"Non-OECD","Not in Europe","Other Pacific Region","Not in Africa",0,"CFP Franc","XPF","NCL"
"NER","NER","NE",562,"Niger",,,,,"Sub-Saharan Africa","Africa","Low-income economies","Emerging and Developing Economies","Emerging and Developing Economies","Low human development","ECOWAS + WAEMU",,"Africa","Western Africa","Developing and Transition","Non G20","Other Emerging and Developing Economies","Non-OECD","Not in Europe","Not in Pacific Region","Ratified",1,"CFA Franc BCEAO","XOF","NER"
"NFK","NFK","NF",574,"Norfolk Island","Australia","External Territory",,,"East Asia & Pacific","Oceania",,"Advanced Economies",,,,"Asia Pacific","Oceania","Australia and New Zealand","Developing and Transition","Non G20",,"Non-OECD","Not in Europe","Other Pacific Region","Not in Africa",0,"Australian Dollar","AUD","NFK"
"NGA","NGA","NG",566,"Nigeria",,,,,"Sub-Saharan Africa","Africa","Lower-middle-income economies","Emerging and Developing Economies","Emerging and Developing Economies","Low human development","ECOWAS",,"Africa","Western Africa","Developing and Transition","Non G20","Other Emerging and Developing Economies","Non-OECD","Not in Europe","Not in Pacific Region","Other Africa",1,"Naira","NGN","NGA"
"NIC","NIC","NI",558,"Nicaragua",,,,,"S. & C. America, Caribbean","North America","Lower-middle-income economies","Emerging and Developing Economies","Emerging and Developing Economies","Medium human development","SICA","North America","Americas","Central America","Developing and Transition","Non G20","Other Emerging and Developing Economies","Non-OECD","Not in Europe","Other Pacific Region","Not in Africa",1,"Cordoba Oro","NIO","NIC"
"NIU","NIU","NU",570,"Niue","New Zealand","Associated State",,,"East Asia & Pacific","Oceania",,"Advanced Economies",,,,"Asia Pacific","Oceania","Polynesia","Developing and Transition","Non G20",,"Non-OECD","Not in Europe","Other Pacific Region","Not in Africa",0,"New Zealand Dollar","NZD","NIU"
"NLD","NLD","NL",528,"Netherlands",,,,,"Europe","Europe","High-income economies","Advanced Economies","Advanced Economies","Very high human development","European Union","Europe","Europe","Western Europe","Developed","Non G20","Other Advanced Economies","OECD","EEA","Not in Pacific Region","Not in Africa",1,"Euro","EUR","NLD"
"NOR","NOR","NO",578,"Norway",,,,,"Europe","Europe","High-income economies","Advanced Economies","Advanced Economies","Very high human development","EFTA","Europe","Europe","Northern Europe","Developed","Non G20","Other Advanced Economies","OECD","EEA","Not in Pacific Region","Not in Africa",1,"Norwegian Krone","NOK","NOR"
"NPL","NPL","NP",524,"Nepal",,,,,"South & Central Asia","Asia","Low-income economies","Emerging and Developing Economies","Emerging and Developing Economies","Medium human development",,"Asia Pacific","Asia","Southern Asia","Developing and Transition","Non G20","Other Emerging and Developing Economies","Non-OECD","Not in Europe","Not in Pacific Region","Not in Africa",0,"Nepalese Rupee","NPR","NPL"
"NRU","NRU","NR",520,"Nauru",,,,,"East Asia & Pacific","Oceania","Upper-middle-income economies","Emerging and Developing Economies","Emerging and Developing Economies",,,"Asia Pacific","Oceania","Micronesia","Developing and Transition","Non G20","Other Emerging and Developing Economies","Non-OECD","Not in Europe","Other Pacific Region","Not in Africa",0,"Australian Dollar","AUD","NRU"
"NZL","NZL","NZ",554,"New Zealand",,,,,"East Asia & Pacific","Oceania","High-income economies","Advanced Economies","Advanced Economies","Very high human development",,"Asia Pacific","Oceania","Australia and New Zealand","Developed","Non G20","Other Advanced Economies","OECD","Not in Europe","CPTPP","Not in Africa",1,"New Zealand Dollar","NZD","NZL"
"OMN","OMN","OM",512,"Oman",,,,,"Middle East & N. Africa","Asia","High-income economies","Emerging and Developing Economies","Emerging and Developing Economies","High human development","GCC","Asia Pacific","Asia","Western Asia","Developing and Transition","Non G20","Other Emerging and Developing Economies","Non-OECD","Not in Europe","Not in Pacific Region","Not in Africa",0,"Rial Omani","OMR","OMN"
"PAK","PAK","PK",586,"Pakistan",,,,,"South & Central Asia","Asia","Lower-middle-income economies","Emerging and Developing Economies","Emerging and Developing Economies","Medium human development","SAARC","Asia Pacific","Asia","Southern Asia","Developing and Transition","Non G20","Other Emerging and Developing Economies","Non-OECD","Not in Europe","Not in Pacific Region","Not in Africa",1,"Pakistan Rupee","PKR","PAK"
"PAN","PAN","PA",591,"Panama",,,,,"S. & C. America, Caribbean","North America","Upper-middle-income economies","Emerging and Developing Economies","Emerging and Developing Economies","High human development","SICA","North America","Americas","Central America","Developing and Transition","Non G20","Other Emerging and Developing Economies","Non-OECD","Not in Europe","Other Pacific Region","Not in Africa",1,"Balboa","PAB","PAN"
"PCN","PCN","PN",612,"Pitcairn Islands","United Kingdom","Overseas Territory",,,"East Asia & Pacific","Oceania",,"Advanced Economies",,,,"Asia Pacific","Oceania","Polynesia","Developing and Transition","Non G20",,"Non-OECD","Not in Europe","Other Pacific Region","Not in Africa",0,"New Zealand Dollar","NZD","PCN"
"PER","PER","PE",604,"Peru",,,,,"S. & C. America, Caribbean","South America","Upper-middle-income economies","Emerging and Developing Economies","Emerging and Developing Economies","High human development","Andean Community (CAN)",,"Americas","South America","Developing and Transition","Non G20","Other Emerging and Developing Economies","Non-OECD","Not in Europe","CPTPP","Not in Africa",1,"Sol","PEN","PER"
"PHL","PHL","PH",608,"Philippines",,,,,"East Asia & Pacific","Asia","Lower-middle-income economies","Emerging and Developing Economies","Emerging and Developing Economies","Medium human development","ASEAN","Asia Pacific","Asia","South-Eastern Asia","Developing and Transition","Non G20","Other Emerging and Developing Economies","Non-OECD","Not in Europe","Other Pacific Region","Not in Africa",1,"Philippine Peso","PHP","PHL"
"PLW","PLW","PW",585,"Palau",,,,,"East Asia & Pacific","Oceania","High-income economies","Emerging and Developing Economies","Emerging and Developing Economies","High human development",,"Asia Pacific","Oceania","Micronesia","Developing and Transition","Non G20","Other Emerging and Developing Economies","Non-OECD","Not in Europe","Other Pacific Region","Not in Africa",0,"US Dollar","USD","PLW"
"PNG","PNG","PG",598,"Papua New Guinea",,,,,"East Asia & Pacific","Oceania","Lower-middle-income economies","Emerging and Developing Economies","Emerging and Developing Economies","Low human development",,"Asia Pacific","Oceania","Melanesia","Developing and Transition","Non G20","Other Emerging and Developing Economies","Non-OECD","Not in Europe","Other Pacific Region","Not in Africa",0,"Kina","PGK","PNG"
"POL","POL","PL",616,"Poland",,,,,"Europe","Europe","High-income economies","Emerging and Developing Economies","Emerging and Developing Economies","Very high human development","European Union","Europe","Europe","Eastern Europe","Developed","Non G20","Other Emerging and Developing Economies","OECD","EEA","Not in Pacific Region","Not in Africa",1,"Zloty","PLN","POL"
"PRI","PRI","PR",630,"Puerto Rico","United States","Commonwealth Territory",,,"S. & C. America, Caribbean","North America","High-income economies","Advanced Economies","Advanced Economies",,,"North America","Americas","Caribbean","Developing and Transition","Non G20","Other Advanced Economies","Non-OECD","Not in Europe","United States","Not in Africa",0,"US Dollar","USD","PRI"
"PRK","PRK","KP",408,"Korea (Democratic People's Republic of)",,,,,"East Asia & Pacific","Asia","Low-income economies","Emerging and Developing Economies",,,,"Asia Pacific","Asia","Eastern Asia","Developing and Transition","Non G20",,"Non-OECD","Not in Europe","Other Pacific Region","Not in Africa",0,"North Korean Won","KPW","PRK"
"PRT","PRT","PT",620,"Portugal",,,,,"Europe","Europe","High-income economies","Advanced Economies","Advanced Economies","Very high human development","European Union","Europe","Europe","Southern Europe","Developed","Non G20","Other Advanced Economies","OECD","EEA","Not in Pacific Region","Not in Africa",1,"Euro","EUR","PRT"
"PRY","PRY","PY",600,"Paraguay",,,,,"S. & C. America, Caribbean","South America","Upper-middle-income economies","Emerging and Developing Economies","Emerging and Developing Economies","Medium human development","Mercosur",,"Americas","South America","Developing and Transition","Non G20","Other Emerging and Developing Economies","Non-OECD","Not in Europe","Not in Pacific Region","Not in Africa",1,"Guarani","PYG","PRY"
"PSE","PSE","PS",275,"Palestine (State of)","Israel","Occupied Territory",,,"Middle East & N. Africa","Asia","Lower-middle-income economies","Emerging and Developing Economies",,"Medium human development",,"Asia Pacific","Asia","Western Asia","Developing and Transition","Non G20",,"Non-OECD","Not in Europe","Not in Pacific Region","Not in Africa",0,"No universal currency",,"WBG"
"PYF","PYF","PF",258,"French Polynesia","France","Overseas Collectivity",,,"East Asia & Pacific","Oceania","High-income economies","Advanced Economies",,,,"Asia Pacific","Oceania","Polynesia","Developing and Transition","Non G20",,"Non-OECD","Not in Europe","Other Pacific Region","Not in Africa",0,"CFP Franc","XPF","PYF"
"QAT","QAT","QA",634,"Qatar",,,,,"Middle East & N. Africa","Asia","High-income economies","Emerging and Developing Economies","Emerging and Developing Economies","Very high human development","GCC","Asia Pacific","Asia","Western Asia","Developing and Transition","Non G20","Other Emerging and Developing Economies","Non-OECD","Not in Europe","Not in Pacific Region","Not in Africa",0,"Qatari Rial","QAR","QAT"
"REU","REU","RE",638,"Réunion","France",,,,"Sub-Saharan Africa","Africa",,"Advanced Economies",,,,,"Africa","Eastern Africa","Developing and Transition","Non G20",,"Non-OECD","Not in Europe","Not in Pacific Region","Other Africa",0,"Euro","EUR","REU"
"ROU","ROU","RO",642,"Romania",,,,,"Europe","Europe","Upper-middle-income economies","Emerging and Developing Economies","Emerging and Developing Economies","Very high human development","European Union","Europe","Europe","Eastern Europe","Developed","Non G20","Other Emerging and Developing Economies","Non-OECD","EEA","Not in Pacific Region","Not in Africa",1,"Romanian Leu","RON","ROM"
"RUS","RUS","RU",643,"Russian Federation",,,,,"Europe","Europe","Upper-middle-income economies","Emerging and Developing Economies","Emerging and Developing Economies","Very high human development",,"Europe","Europe","Eastern Europe","Developed","G20","BRICs","Non-OECD","Other Europe","Other Pacific Region","Not in Africa",0,"Russian Ruble","RUB","RUS"
"RWA","RWA","RW",646,"Rwanda",,,,,"Sub-Saharan Africa","Africa","Low-income economies","Emerging and Developing Economies","Emerging and Developing Economies","Low human development","COMESA",,"Africa","Eastern Africa","Developing and Transition","Non G20","Other Emerging and Developing Economies","Non-OECD","Not in Europe","Not in Pacific Region","Ratified",0,"Rwanda Franc","RWF","RWA"
"SAU","SAU","SA",682,"Saudi Arabia",,,,,"Middle East & N. Africa","Asia","High-income economies","Emerging and Developing Economies","Emerging and Developing Economies","Very high human development","GCC","Asia Pacific","Asia","Western Asia","Developing and Transition","G20","Other Emerging and Developing Economies","Non-OECD","Not in Europe","Not in Pacific Region","Not in Africa",1,"Saudi Riyal","SAR","SAU"
"SCG","SCG","CS",891,"Serbia and Montenegro",,,2003,2006,"Europe","Europe",,,,,,"Europe",,,,"Non G20",,"Non-OECD","Other Europe","Not in Pacific Region","Not in Africa",0,,,
"SDN","SDN","SD",729,"Sudan",,,2011,,"Sub-Saharan Africa","Africa","Lower-middle-income economies","Emerging and Developing Economies","Emerging and Developing Economies","Low human development","COMESA",,"Africa","Northern Africa","Developing and Transition","Non G20","Other Emerging and Developing Economies","Non-OECD","Not in Europe","Not in Pacific Region","Signed, not ratified",1,"Sudanese Pound","SDG","SDN"
"SEN","SEN","SN",686,"Senegal",,,,,"Sub-Saharan Africa","Africa","Low-income economies","Emerging and Developing Economies","Emerging and Developing Economies","Low human development","ECOWAS + WAEMU",,"Africa","Western Africa","Developing and Transition","Non G20","Other Emerging and Developing Economies","Non-OECD","Not in Europe","Not in Pacific Region","Ratified",1,"CFA Franc BCEAO","XOF","SEN"
"SGP","SGP","SG",702,"Singapore",,,,,"East Asia & Pacific","Asia","High-income economies","Advanced Economies","Advanced Economies","Very high human development","ASEAN","Asia Pacific","Asia","South-Eastern Asia","Developing and Transition","Non G20","Other Advanced Economies","Non-OECD","Not in Europe","CPTPP","Not in Africa",1,"Singapore Dollar","SGD","SGP"
"SGS","SGS","GS",239,"South Georgia and the South Sandwich Islands","United Kingdom","Overseas Territory",,,"S. & C. America, Caribbean","South America",,"Advanced Economies",,,,,,,,"Non G20",,"Non-OECD","Not in Europe","Not in Pacific Region","Not in Africa",0,"No universal currency",,"SGS"
"SHN","SHN","SH",654,"Saint Helena","United Kingdom","Overseas Territory (part)",,,"S. & C. America, Caribbean","South America",,"Advanced Economies",,,,,"Africa","Western Africa","Developing and Transition","Non G20",,"Non-OECD","Not in Europe","Not in Pacific Region","Not in Africa",0,"Saint Helena Pound","SHP","SHN"
"SJM","SJM","SJ",744,"Svalbard and Jan Mayen","Norway","Statistical Designation",,,"Europe","Europe",,"Advanced Economies",,,,"Europe","Europe","Northern Europe","Developed","Non G20",,"Non-OECD","Other Europe","Not in Pacific Region","Not in Africa",0,"Norwegian Krone","NOK","SJM"
"SLB","SLB","SB",90,"Solomon Islands",,,,,"East Asia & Pacific","Oceania","Lower-middle-income economies","Emerging and Developing Economies","Emerging and Developing Economies","Low human development",,"Asia Pacific","Oceania","Melanesia","Developing and Transition","Non G20","Other Emerging and Developing Economies","Non-OECD","Not in Europe","Other Pacific Region","Not in Africa",0,"Solomon Islands Dollar","SBD","SLB"
"SLE","SLE","SL",694,"Sierra Leone",,,,,"Sub-Saharan Africa","Africa","Low-income economies","Emerging and Developing Economies","Emerging and Developing Economies","Low human development","ECOWAS",,"Africa","Western Africa","Developing and Transition","Non G20","Other Emerging and Developing Economies","Non-OECD","Not in Europe","Not in Pacific Region","Ratified",1,"Leone","SLL","SLE"
"SLV","SLV","SV",222,"El Salvador",,,,,"S. & C. America, Caribbean","North America","Lower-middle-income economies","Emerging and Developing Economies","Emerging and Developing Economies","Medium human development","SICA","North America","Americas","Central America","Developing and Transition","Non G20","Other Emerging and Developing Economies","Non-OECD","Not in Europe","Other Pacific Region","Not in Africa",1,"El Salvador Colon","SVC","SLV"
"SMR","SMR","SM",674,"San Marino",,,,,"Europe","Europe","High-income economies","Advanced Economies","Advanced Economies",,,"Europe","Europe","Southern Europe","Developed","Non G20","Other Advanced Economies","Non-OECD","Other Europe","Not in Pacific Region","Not in Africa",0,"Euro","EUR","SMR"
"SOM","SOM","SO",706,"Somalia",,,,,"Sub-Saharan Africa","Africa","Low-income economies","Emerging and Developing Economies","Emerging and Developing Economies",,,,"Africa","Eastern Africa","Developing and Transition","Non G20","Other Emerging and Developing Economies","Non-OECD","Not in Europe","Not in Pacific Region","Signed, not ratified",0,"Somali Shilling","SOS","SOM"
"SPM","SPM","PM",666,"Saint Pierre and Miquelon","France","Overseas Collectivity",,,"North America","North America",,"Advanced Economies",,,,"North America","Americas","Northern America","Developed","Non G20",,"Non-OECD","Not in Europe","Not in Pacific Region","Not in Africa",0,"Euro","EUR","SPM"
"SRB","SRB","RS",688,"Serbia",,,2006,,"Europe","Europe","Upper-middle-income economies","Emerging and Developing Economies","Emerging and Developing Economies","High human development",,"Europe","Europe","Southern Europe","Developed","Non G20","Other Emerging and Developing Economies","Non-OECD","Other Europe","Not in Pacific Region","Not in Africa",0,"Serbian Dinar","RSD","SCG"
"SSD","SSD","SS",728,"South Sudan",,,2011,,"Sub-Saharan Africa","Africa","Low-income economies","Emerging and Developing Economies","Emerging and Developing Economies","Low human development",,,"Africa","Eastern Africa","Developing and Transition","Non G20","Other Emerging and Developing Economies","Non-OECD","Not in Europe","Not in Pacific Region","Signed, not ratified",0,"South Sudanese Pound","SSP","SSD"
"STP","STP","ST",678,"Sao Tome and Principe",,,,,"Sub-Saharan Africa","Africa","Lower-middle-income economies","Emerging and Developing Economies","Emerging and Developing Economies","Medium human development",,,"Africa","Middle Africa","Developing and Transition","Non G20","Other Emerging and Developing Economies","Non-OECD","Not in Europe","Not in Pacific Region","Signed, not ratified",0,"Dobra","STD","STP"
"SUN","SUN","SU",810,"Union of Soviet Socialist Republics",,,,1992,"Europe","Europe",,,,,,"Europe",,,,"Non G20",,"Non-OECD","Other Europe","Not in Pacific Region","Not in Africa",0,,,
"SUR","SUR","SR",740,"Suriname",,,,,"S. & C. America, Caribbean","South America","Upper-middle-income economies","Emerging and Developing Economies","Emerging and Developing Economies","High human development","CARICOM",,"Americas","South America","Developing and Transition","Non G20","Other Emerging and Developing Economies","Non-OECD","Not in Europe","Not in Pacific Region","Not in Africa",0,"Surinam Dollar","SRD","SUR"
"SVK","SVK","SK",703,"Slovakia",,,1993,,"Europe","Europe","High-income economies","Advanced Economies","Advanced Economies","Very high human development","European Union","Europe","Europe","Eastern Europe","Developed","Non G20","Other Advanced Economies","OECD","EEA","Not in Pacific Region","Not in Africa",0,"Euro","EUR","SVK"
"SVN","SVN","SI",705,"Slovenia",,,,,"Europe","Europe","High-income economies","Advanced Economies","Advanced Economies","Very high human development","European Union","Europe","Europe","Southern Europe","Developed","Non G20","Other Advanced Economies","OECD","EEA","Not in Pacific Region","Not in Africa",0,"Euro","EUR","SVN"
"SWE","SWE","SE",752,"Sweden",,,,,"Europe","Europe","High-income economies","Advanced Economies","Advanced Economies","Very high human development","European Union","Europe","Europe","Northern Europe","Developed","Non G20","Other Advanced Economies","OECD","EEA","Not in Pacific Region","Not in Africa",1,"Swedish Krona","SEK","SWE"
"SWZ","SWZ","SZ",748,"Eswatini",,,,,"Sub-Saharan Africa","Africa","Lower-middle-income economies","Emerging and Developing Economies","Emerging and Developing Economies","Low human development","COMESA + SADC",,"Africa","Southern Africa","Developing and Transition","Non G20","Other Emerging and Developing Economies","Non-OECD","Not in Europe","Not in Pacific Region","Ratified",0,"Lilangeni","SZL","SWZ"
"SXM","SXM","SX",534,"Sint Maarten (Dutch part)","Netherlands","Constituent Country",,,"S. & C. America, Caribbean","North America","High-income economies","Advanced Economies",,,,"North America","Americas","Caribbean","Developing and Transition","Non G20",,"Non-OECD","Not in Europe","Not in Pacific Region","Not in Africa",0,"Netherlands Antillean Guilder","ANG","SXM"
"SYC","SYC","SC",690,"Seychelles",,,,,"Sub-Saharan Africa","Africa","High-income economies","Emerging and Developing Economies","Emerging and Developing Economies","High human development","COMESA + SADC",,"Africa","Eastern Africa","Developing and Transition","Non G20","Other Emerging and Developing Economies","Non-OECD","Not in Europe","Not in Pacific Region","Signed, not ratified",0,"Seychelles Rupee","SCR","SYC"
"SYR","SYR","SY",760,"Syrian Arab Republic",,,,,"Middle East & N. Africa","Asia","Lower-middle-income economies","Emerging and Developing Economies","Emerging and Developing Economies","Low human development",,"Asia Pacific","Asia","Western Asia","Developing and Transition","Non G20","Other Emerging and Developing Economies","Non-OECD","Not in Europe","Not in Pacific Region","Not in Africa",1,"Syrian Pound","SYP","SYR"
"TCA","TCA","TC",796,"Turks and Caicos Islands","United Kingdom","Overseas Territory",,,"S. & C. America, Caribbean","North America","High-income economies","Advanced Economies",,,,"North America","Americas","Caribbean","Developing and Transition","Non G20",,"Non-OECD","Not in Europe","Not in Pacific Region","Ratified",0,"US Dollar","USD","TCA"
"TCD","TCD","TD",148,"Chad",,,,,"Sub-Saharan Africa","Africa","Low-income economies","Emerging and Developing Economies","Emerging and Developing Economies","Low human development","CEMAC",,"Africa","Middle Africa","Developing and Transition","Non G20","Other Emerging and Developing Economies","Non-OECD","Not in Europe","Not in Pacific Region","Other Africa",0,"CFA Franc BEAC","XAF","TCD"
"TGO","TGO","TG",768,"Togo",,,,,"Sub-Saharan Africa","Africa","Low-income economies","Emerging and Developing Economies","Emerging and Developing Economies","Low human development","ECOWAS + WAEMU",,"Africa","Western Africa","Developing and Transition","Non G20","Other Emerging and Developing Economies","Non-OECD","Not in Europe","Not in Pacific Region","Ratified",0,"CFA Franc BCEAO","XOF","TGO"
"THA","THA","TH",764,"Thailand",,,,,"East Asia & Pacific","Asia","Upper-middle-income economies","Emerging and Developing Economies","Emerging and Developing Economies","High human development","ASEAN","Asia Pacific","Asia","South-Eastern Asia","Developing and Transition","Non G20","Other Emerging and Developing Economies","Non-OECD","Not in Europe","Other Pacific Region","Not in Africa",1,"Baht","THB","THA"
"TJK","TJK","TJ",762,"Tajikistan",,,,,"South & Central Asia","Asia","Lower-middle-income economies","Emerging and Developing Economies","Emerging and Developing Economies","Medium human development",,"Asia Pacific","Asia","Central Asia","Developing and Transition","Non G20","Other Emerging and Developing Economies","Non-OECD","Not in Europe","Not in Pacific Region","Not in Africa",0,"Somoni","TJS","TJK"
"TKL","TKL","TK",772,"Tokelau","New Zealand","Territory",,,"East Asia & Pacific","Oceania",,"Advanced Economies",,,,"Asia Pacific","Oceania","Polynesia","Developing and Transition","Non G20",,"Non-OECD","Not in Europe","Other Pacific Region","Not in Africa",0,"New Zealand Dollar","NZD","TKL"
"TKM","TKM","TM",795,"Turkmenistan",,,,,"South & Central Asia","Asia","Upper-middle-income economies","Emerging and Developing Economies","Emerging and Developing Economies","Medium human development",,"Asia Pacific","Asia","Central Asia","Developing and Transition","Non G20","Other Emerging and Developing Economies","Non-OECD","Not in Europe","Not in Pacific Region","Not in Africa",0,"Turkmenistan New Manat","TMT","TKM"
"TLS","TLS","TL",626,"Timor-Leste",,,2002,,"East Asia & Pacific","Oceania","Lower-middle-income economies","Emerging and Developing Economies","Emerging and Developing Economies","Medium human development",,"Asia Pacific","Asia","South-Eastern Asia","Developing and Transition","Non G20","Other Emerging and Developing Economies","Non-OECD","Not in Europe","Other Pacific Region","Not in Africa",0,"US Dollar","USD","TMP"
"TON","TON","TO",776,"Tonga",,,,,"East Asia & Pacific","Oceania","Upper-middle-income economies","Emerging and Developing Economies","Emerging and Developing Economies","High human development",,"Asia Pacific","Oceania","Polynesia","Developing and Transition","Non G20","Other Emerging and Developing Economies","Non-OECD","Not in Europe","Other Pacific Region","Not in Africa",0,"Pa'anga","TOP","TON"
"TTO","TTO","TT",780,"Trinidad and Tobago",,,,,"S. & C. America, Caribbean","North America","High-income economies","Emerging and Developing Economies","Emerging and Developing Economies","High human development","CARICOM","North America","Americas","Caribbean","Developing and Transition","Non G20","Other Emerging and Developing Economies","Non-OECD","Not in Europe","Not in Pacific Region","Not in Africa",1,"Trinidad and Tobago Dollar","TTD","TTO"
"TUN","TUN","TN",788,"Tunisia",,,,,"Middle East & N. Africa","Africa","Lower-middle-income economies","Emerging and Developing Economies","Emerging and Developing Economies","High human development",,,"Africa","Northern Africa","Developing and Transition","Non G20","Other Emerging and Developing Economies","Non-OECD","Not in Europe","Not in Pacific Region","Signed, not ratified",1,"Tunisian Dinar","TND","TUN"
"TUR","TUR","TR",792,"Turkey",,,,,"South & Central Asia","Asia","Upper-middle-income economies","Emerging and Developing Economies","Emerging and Developing Economies","High human development",,"Asia Pacific","Asia","Western Asia","Developing and Transition","G20","Other Emerging and Developing Economies","OECD","Not in Europe","Not in Pacific Region","Not in Africa",1,"Turkish Lira","TRY","TUR"
"TUV","TUV","TV",798,"Tuvalu",,,,,"East Asia & Pacific","Oceania","Upper-middle-income economies","Emerging and Developing Economies","Emerging and Developing Economies",,,"Asia Pacific","Oceania","Polynesia","Developing and Transition","Non G20","Other Emerging and Developing Economies","Non-OECD","Not in Europe","Other Pacific Region","Not in Africa",0,"Australian Dollar","AUD","TUV"
"TWN","TWN","TW",158,"Taiwan (China)","China","Disputed Territory",,,"East Asia & Pacific","Asia","High-income economies","Advanced Economies","Advanced Economies",,,"Asia Pacific","Asia","Eastern Asia","Developing and Transition","Non G20","Other Advanced Economies","Non-OECD","Not in Europe","Other Pacific Region","Not in Africa",0,"New Taiwan Dollar","TWD","TWN"
"TZA","TZA","TZ",834,"Tanzania",,,,,"Sub-Saharan Africa","Africa","Low-income economies","Emerging and Developing Economies","Emerging and Developing Economies","Low human development","SADC",,"Africa","Eastern Africa","Developing and Transition","Non G20","Other Emerging and Developing Economies","Non-OECD","Not in Europe","Not in Pacific Region","Other Africa",0,"Tanzanian Shilling","TZS","TZA"
"UGA","UGA","UG",800,"Uganda",,,,,"Sub-Saharan Africa","Africa","Low-income economies","Emerging and Developing Economies","Emerging and Developing Economies","Low human development","COMESA",,"Africa","Eastern Africa","Developing and Transition","Non G20","Other Emerging and Developing Economies","Non-OECD","Not in Europe","Not in Pacific Region","Ratified",1,"Uganda Shilling","UGX","UGA"
"UKR","UKR","UA",804,"Ukraine",,,,,"Europe","Europe","Lower-middle-income economies","Emerging and Developing Economies","Emerging and Developing Economies","High human development",,"Europe","Europe","Eastern Europe","Developed","Non G20","Other Emerging and Developing Economies","Non-OECD","Other Europe","Not in Pacific Region","Not in Africa",0,"Hryvnia","UAH","UKR"
"UMI","UMI","UM",581,"U.S. Minor Outlying Islands","United States","Insular Areas",,,"East Asia & Pacific","Oceania",,"Advanced Economies",,,,"Asia Pacific",,,,"Non G20",,"Non-OECD","Not in Europe","United States","Not in Africa",0,"US Dollar","USD","UMI"
"UNK","UNK","XK",,"Kosovo (Republic of)","Serbia","Disputed Territory",2008,,"Europe","Europe","Lower-middle-income economies","Emerging and Developing Economies","Emerging and Developing Economies",,,"Europe","Europe","Southern Europe","Developed","Non G20","Other Emerging and Developing Economies","Non-OECD","Other Europe","Not in Pacific Region","Not in Africa",0,"Euro","EUR","KSV"
"URY","URY","UY",858,"Uruguay",,,,,"S. & C. America, Caribbean","South America","High-income economies","Emerging and Developing Economies","Emerging and Developing Economies","High human development","Mercosur",,"Americas","South America","Developing and Transition","Non G20","Other Emerging and Developing Economies","Non-OECD","Not in Europe","Not in Pacific Region","Not in Africa",1,"Peso Uruguayo","UYU","URY"
"USA","USA","US",840,"United States",,,,,"North America","North America","High-income economies","Advanced Economies","Advanced Economies","Very high human development","NAFTA","North America","Americas","Northern America","Developed","G20","G7","OECD","Not in Europe","Other Pacific Region","Not in Africa",1,"US Dollar","USD","USA"
"UZB","UZB","UZ",860,"Uzbekistan",,,,,"South & Central Asia","Asia","Lower-middle-income economies","Emerging and Developing Economies","Emerging and Developing Economies","High human development",,"Asia Pacific","Asia","Central Asia","Developing and Transition","Non G20","Other Emerging and Developing Economies","Non-OECD","Not in Europe","Not in Pacific Region","Not in Africa",0,"Uzbekistan Sum","UZS","UZB"
"VAT","VAT","VA",336,"Holy See",,,,,"Europe","Europe",,"Advanced Economies",,,,"Europe","Europe","Southern Europe","Developed","Non G20",,"Non-OECD","Other Europe","Not in Pacific Region","Not in Africa",0,"Euro","EUR","VAT"
"VCT","VCT","VC",670,"St. Vincent and the Grenadines",,,,,"S. & C. America, Caribbean","North America","Upper-middle-income economies","Emerging and Developing Economies","Emerging and Developing Economies","High human development","CARICOM","North America","Americas","Caribbean","Developing and Transition","Non G20","Other Emerging and Developing Economies","Non-OECD","Not in Europe","Not in Pacific Region","Not in Africa",0,"East Caribbean Dollar","XCD","VCT"
"VEN","VEN","VE",862,"Venezuela (Bolivarian Republic of)",,,,,"S. & C. America, Caribbean","South America","Upper-middle-income economies","Emerging and Developing Economies","Emerging and Developing Economies","High human development","Mercosur",,"Americas","South America","Developing and Transition","Non G20","Other Emerging and Developing Economies","Non-OECD","Not in Europe","Not in Pacific Region","Not in Africa",1,"Bolïvar","VEF","VEN"
"VGB","VGB","VG",92,"British Virgin Islands","United Kingdom","Overseas Territory",,,"S. & C. America, Caribbean","North America","High-income economies","Advanced Economies",,,,"North America","Americas","Caribbean","Developing and Transition","Non G20",,"Non-OECD","Not in Europe","Not in Pacific Region","Not in Africa",0,"US Dollar","USD","VGB"
"VIR","VIR","VI",850,"Virgin Islands (U.S.)","United States","Unincorporated Territory",,,"S. & C. America, Caribbean","North America","High-income economies","Advanced Economies",,,,"North America","Americas","Caribbean","Developing and Transition","Non G20",,"Non-OECD","Not in Europe","United States","Not in Africa",0,"US Dollar","USD","VIR"
"VNM","VNM","VN",704,"Viet Nam",,,,,"East Asia & Pacific","Asia","Lower-middle-income economies","Emerging and Developing Economies","Emerging and Developing Economies","Medium human development","ASEAN","Asia Pacific","Asia","South-Eastern Asia","Developing and Transition","Non G20","Other Emerging and Developing Economies","Non-OECD","Not in Europe","CPTPP","Not in Africa",0,"Dong","VND","VNM"
"VUT","VUT","VU",548,"Vanuatu",,,,,"East Asia & Pacific","Oceania","Lower-middle-income economies","Emerging and Developing Economies","Emerging and Developing Economies","Medium human development",,"Asia Pacific","Oceania","Melanesia","Developing and Transition","Non G20","Other Emerging and Developing Economies","Non-OECD","Not in Europe","Other Pacific Region","Not in Africa",0,"Vatu","VUV","VUT"
"WLF","WLF","WF",876,"Wallis and Futuna Islands","France","Overseas Collectivity",,,"East Asia & Pacific","Oceania",,"Advanced Economies",,,,"Asia Pacific","Oceania","Polynesia","Developing and Transition","Non G20",,"Non-OECD","Not in Europe","Other Pacific Region","Not in Africa",0,"CFP Franc","XPF","WLF"
"WSM","WSM","WS",882,"Samoa",,,,,"East Asia & Pacific","Oceania","Upper-middle-income economies","Emerging and Developing Economies","Emerging and Developing Economies","High human development",,"Asia Pacific","Oceania","Polynesia","Developing and Transition","Non G20","Other Emerging and Developing Economies","Non-OECD","Not in Europe","Other Pacific Region","Not in Africa",0,"Tala","WST","WSM"
"YEM","YEM","YE",887,"Yemen",,,,,"Middle East & N. Africa","Asia","Lower-middle-income economies","Emerging and Developing Economies","Emerging and Developing Economies","Low human development",,"Asia Pacific","Asia","Western Asia","Developing and Transition","Non G20","Other Emerging and Developing Economies","Non-OECD","Not in Europe","Not in Pacific Region","Not in Africa",0,"Yemeni Rial","YER","YEM"
"YUG","YUG","YU",890,"Yugoslavia",,,,2003,"Europe","Europe",,,,,,"Europe",,,,"Non G20",,"Non-OECD","Other Europe","Not in Pacific Region","Not in Africa",0,,,
"ZAF","ZAF","ZA",710,"South Africa",,,,,"Sub-Saharan Africa","Africa","Upper-middle-income economies","Emerging and Developing Economies","Emerging and Developing Economies","Medium human development","SADC",,"Africa","Southern Africa","Developing and Transition","G20","Other Emerging and Developing Economies","Non-OECD","Not in Europe","Not in Pacific Region","Ratified",0,"Rand","ZAR","ZAF"
"ZMB","ZMB","ZM",894,"Zambia",,,,,"Sub-Saharan Africa","Africa","Lower-middle-income economies","Emerging and Developing Economies","Emerging and Developing Economies","Medium human development","COMESA + SADC",,"Africa","Eastern Africa","Developing and Transition","Non G20","Other Emerging and Developing Economies","Non-OECD","Not in Europe","Not in Pacific Region","Signed, not ratified",1,"Zambian Kwacha","ZMW","ZMB"
"ZWE","ZWE","ZW",716,"Zimbabwe",,,,,"Sub-Saharan Africa","Africa","Low-income economies","Emerging and Developing Economies","Emerging and Developing Economies","Low human development","COMESA + SADC",,"Africa","Eastern Africa","Developing and Transition","Non G20","Other Emerging and Developing Economies","Non-OECD","Not in Europe","Not in Pacific Region","Signed, not ratified",1,"Zimbabwe Dollar","ZWL","ZWE"
